index,mae,rmse
5,0.298566,0.47461499999999995
130,0.305076,0.47471599999999997
21,0.308719,0.475303
89,0.317204,0.478705
72,0.30964200000000003,0.48013500000000003
126,0.325892,0.480822
179,0.313295,0.481742
87,0.311713,0.482542
187,0.299446,0.482897
104,0.306733,0.48413100000000003
