index,mae,rmse
644,0.314238,0.472801
77,0.303135,0.474746
666,0.30824,0.476818
29,0.30800900000000003,0.47818
128,0.317644,0.478261
828,0.318594,0.478674
760,0.302122,0.479127
360,0.315985,0.47928999999999994
15,0.317563,0.479462
290,0.32209499999999996,0.48111499999999996
